,timestamp,date,time,target_label,day,transaction,volume_5min,volume_norm,barsize_5min,barsize_5min_norm,topping_tail,bottoming_tail,inside_wicks,inside_body,sma_90_norm,sma_90_slope,avwap_2day,gap,gap_up
17,2023-12-13 07:35:00,2023-12-13,07:35:00,0,Wednesday,1.0,29617.0,0.8708257069559913,40.0,0.23,0.0072,0.0217,0.0,1.0,1.0132,0.0228,0.045,1.01,1
18,2023-12-14 07:40:00,2023-12-14,07:40:00,0,Thursday,1.0,29997.0,0.8829983736486934,47.75,0.27,0.0686,0.0529,0.0,0.0,1.0118,0.028,0.1056,0.24,1
19,2023-12-15 07:35:00,2023-12-15,07:35:00,0,Friday,1.0,32782.0,0.9808524038842737,39.75,0.23,0.1518,0.0458,1.0,1.0,1.0018,-0.0007,0.1322,0.19,1
20,2023-12-18 07:35:00,2023-12-18,07:35:00,1,Monday,1.0,31228.0,0.9305319240866168,41.0,0.23,0.04,0.087,0.0,1.0,1.0015,0.0088,0.0112,0.16,1
21,2023-12-19 07:40:00,2023-12-19,07:40:00,1,Tuesday,1.0,32376.0,0.9649887558065193,44.75,0.25,0.0766,0.0482,1.0,0.0,1.0023,0.0099,0.0865,0.09,1
22,2023-12-20 07:35:00,2023-12-20,07:35:00,1,Wednesday,1.0,25576.0,0.7606245353159852,24.5,0.14,0.0184,0.0906,1.0,1.0,0.9998,0.0017,0.0735,-0.21,0
23,2023-12-21 07:35:00,2023-12-21,07:35:00,1,Thursday,0.0,35986.0,1.0696334782854238,49.5,0.28,0.1563,0.0653,1.0,1.0,0.9956,-0.0042,-0.0006,0.94,1
24,2023-12-26 07:35:00,2023-12-26,07:35:00,1,Tuesday,1.0,25697.0,0.7693781680673779,28.25,0.16,0.0071,0.0254,0.0,1.0,1.0078,0.0144,0.0283,0.35,1
25,2023-12-27 08:00:00,2023-12-27,08:00:00,0,Wednesday,1.0,27513.0,0.8237523802680272,31.25,0.18,0.0647,0.0014,1.0,0.0,1.003,0.0148,0.0229,0.05,1
26,2023-12-28 07:35:00,2023-12-28,07:35:00,1,Thursday,0.0,24922.0,0.7661942386325207,36.5,0.2,0.0617,0.028,0.0,0.0,1.0035,0.0032,-0.0375,0.19,1
27,2023-12-29 07:35:00,2023-12-29,07:35:00,0,Friday,0.0,17605.0,0.5571361209654706,19.5,0.11,0.0591,0.045,1.0,0.0,0.9985,0.0003,0.0086,-0.01,0
28,2024-01-03 07:35:00,2024-01-03,07:35:00,0,Wednesday,1.0,45876.0,1.421568323655001,44.25,0.26,0.0753,0.1722,0.0,0.0,0.9757,-0.0323,0.0211,-2.4,0
29,2024-01-04 07:35:00,2024-01-04,07:35:00,1,Thursday,1.0,33544.0,1.0429067325375148,47.5,0.28,0.0511,0.0614,0.0,0.0,0.9891,-0.0363,0.0621,-0.53,0
30,2024-01-05 07:35:00,2024-01-05,07:35:00,0,Friday,1.0,32294.0,1.0165431426462417,51.25,0.3,0.0029,0.0716,1.0,1.0,0.9961,-0.0062,-0.0375,0.03,1
31,2024-01-08 07:35:00,2024-01-08,07:35:00,1,Monday,1.0,27174.0,0.8603287574084393,44.75,0.26,0.0146,0.0408,0.0,1.0,1.0015,0.004,0.1704,0.29,1
32,2024-01-09 07:40:00,2024-01-09,07:40:00,0,Tuesday,0.0,36615.0,1.139323220536756,49.5,0.29,0.0202,0.013,1.0,1.0,1.0,0.0195,-0.0864,-0.79,0
33,2024-01-10 07:35:00,2024-01-10,07:35:00,0,Wednesday,1.0,31012.0,0.9852179189447634,35.25,0.2,0.0942,0.0043,1.0,0.0,1.0026,0.0048,0.0467,0.05,1
34,2024-01-11 07:35:00,2024-01-11,07:35:00,0,Thursday,1.0,41098.0,1.3110016252745342,44.0,0.25,0.0127,0.058,0.0,0.0,1.0054,0.0118,0.0346,0.25,1
35,2024-01-16 07:35:00,2024-01-16,07:35:00,0,Tuesday,1.0,39413.0,1.2632311062607071,36.5,0.21,0.0895,0.0682,0.0,0.0,1.0014,-0.0033,-0.0441,-0.29,0
36,2024-01-17 07:35:00,2024-01-17,07:35:00,0,Wednesday,0.0,49113.0,1.5124769416018156,87.25,0.5,0.1057,0.0129,0.0,0.0,0.9934,-0.0127,-0.0996,-0.84,0
37,2024-01-18 07:40:00,2024-01-18,07:40:00,0,Thursday,1.0,44450.0,1.3383092141610877,54.25,0.31,0.0933,0.0085,0.0,0.0,1.0111,0.007,0.019,0.76,1
38,2024-01-19 07:40:00,2024-01-19,07:40:00,1,Friday,1.0,44037.0,1.2984309557120552,36.0,0.2,0.0601,0.1328,0.0,0.0,1.0099,0.0248,0.0211,0.48,1
39,2024-01-23 07:35:00,2024-01-23,07:35:00,0,Tuesday,0.0,45380.0,1.3136317517936518,74.75,0.41,0.0027,0.0261,0.0,0.0,1.0114,0.0208,0.0542,0.26,1
40,2024-01-24 07:35:00,2024-01-24,07:35:00,0,Wednesday,0.0,39090.0,1.1188214737016848,39.0,0.21,0.0163,0.0149,0.0,0.0,1.0128,0.0142,-0.1474,0.93,1
41,2024-01-25 07:45:00,2024-01-25,07:45:00,0,Thursday,0.0,52949.0,1.472146844903134,55.5,0.3,0.0312,0.1628,1.0,0.0,1.0024,0.013,-0.0332,0.56,1
42,2024-01-26 07:35:00,2024-01-26,07:35:00,0,Friday,0.0,38507.0,1.051708715987846,37.75,0.21,0.0424,0.1273,1.0,0.0,0.9947,-0.0068,-0.0236,-0.45,0
43,2024-01-29 07:35:00,2024-01-29,07:35:00,0,Monday,1.0,29861.0,0.8224471527921229,28.25,0.15,0.0205,0.1055,0.0,0.0,0.999,-0.0036,0.1063,0.11,1
44,2024-01-30 08:00:00,2024-01-30,08:00:00,1,Tuesday,0.0,31262.0,0.8544856945668737,32.25,0.18,0.0885,0.0408,1.0,1.0,1.004,0.0072,-0.1198,-0.26,0
45,2024-01-31 07:40:00,2024-01-31,07:40:00,0,Wednesday,0.0,41361.0,1.1095239436506372,56.5,0.31,0.0635,0.1603,0.0,0.0,0.9876,-0.0156,-0.2333,-1.05,0
46,2024-02-01 07:35:00,2024-02-01,07:35:00,0,Thursday,1.0,35750.0,0.9452783018306669,41.75,0.23,0.0014,0.0764,1.0,1.0,0.9962,-0.0161,-0.0214,0.4,1
47,2024-02-05 07:35:00,2024-02-05,07:35:00,1,Monday,0.0,31186.0,0.8100554305870863,30.75,0.17,0.0285,0.0841,0.0,1.0,1.0211,0.0284,-0.0606,1.62,1
48,2024-02-06 07:35:00,2024-02-06,07:35:00,1,Tuesday,0.0,40542.0,1.0604233637355192,48.25,0.26,0.1463,0.0461,1.0,0.0,1.0053,0.0178,-0.0852,0.25,1
49,2024-02-07 07:35:00,2024-02-07,07:35:00,0,Wednesday,0.0,33656.0,0.8801830663615561,35.5,0.19,0.0257,0.0365,0.0,0.0,1.0079,0.0023,-0.1367,0.63,1
50,2024-02-08 07:35:00,2024-02-08,07:35:00,0,Thursday,1.0,24532.0,0.6481476588796652,26.75,0.14,0.0526,0.0431,1.0,1.0,1.0018,0.0119,0.0375,-0.03,0
51,2024-02-09 07:35:00,2024-02-09,07:35:00,0,Friday,0.0,32223.0,0.8457069669845427,27.25,0.15,0.0121,0.0685,0.0,0.0,1.0026,0.0023,-0.041,0.24,1
52,2024-02-13 07:35:00,2024-02-13,07:35:00,1,Tuesday,1.0,45208.0,1.1732738149306412,53.5,0.29,0.0545,0.2304,0.0,0.0,0.9802,-0.0147,0.1573,-2.28,0
53,2024-02-14 07:35:00,2024-02-14,07:35:00,0,Wednesday,0.0,40292.0,1.0332474259850495,36.75,0.2,0.1689,0.0203,1.0,0.0,1.0038,-0.0157,-0.1765,0.61,1
54,2024-02-15 07:35:00,2024-02-15,07:35:00,1,Thursday,0.0,31693.0,0.8226552715426896,33.0,0.18,0.0833,0.0161,0.0,0.0,1.0073,0.0191,-0.0792,0.1,1
55,2024-02-16 07:40:00,2024-02-16,07:40:00,1,Friday,0.0,39719.0,1.0305768859032889,45.25,0.24,0.0201,0.122,1.0,0.0,1.0034,0.0065,-0.1467,0.07,1
56,2024-02-20 07:35:00,2024-02-20,07:35:00,1,Tuesday,0.0,47217.0,1.2281461539962155,77.75,0.42,0.2259,0.0708,0.0,0.0,0.9902,-0.0143,-0.2259,-0.48,0
57,2024-02-21 07:40:00,2024-02-21,07:40:00,0,Wednesday,0.0,45349.0,1.1781807033906893,49.25,0.27,0.0536,0.1759,1.0,0.0,0.9961,-0.0172,-0.1354,-0.67,0
58,2024-02-23 07:35:00,2024-02-23,07:35:00,0,Friday,1.0,34180.0,0.8995245783643022,44.75,0.24,0.0252,0.0478,0.0,0.0,1.0355,0.0367,0.0183,3.24,1
59,2024-02-26 07:35:00,2024-02-26,07:35:00,0,Monday,0.0,38934.0,1.0334022993692196,42.5,0.23,0.1868,0.036,0.0,0.0,1.0032,0.0384,0.0192,0.17,1
60,2024-02-27 07:35:00,2024-02-27,07:35:00,1,Tuesday,0.0,32257.0,0.8640136712210618,29.75,0.16,0.0467,0.08,1.0,0.0,1.0002,-0.0002,-0.1411,0.23,1
61,2024-02-28 07:35:00,2024-02-28,07:35:00,0,Wednesday,1.0,40181.0,1.094984398631985,43.5,0.23,0.0952,0.1234,1.0,0.0,0.9963,-0.0054,0.0501,-0.52,0
62,2024-02-29 07:35:00,2024-02-29,07:35:00,0,Thursday,1.0,39964.0,1.0869130651769796,49.25,0.26,0.0453,0.052,0.0,0.0,1.0051,0.0026,-0.0145,0.63,1
63,2024-03-01 08:00:00,2024-03-01,08:00:00,1,Friday,1.0,40304.0,1.0808114667274507,53.0,0.28,0.0571,0.0173,1.0,0.0,1.0049,0.0129,0.0039,0.16,1
64,2024-03-04 08:00:00,2024-03-04,08:00:00,0,Monday,0.0,32593.0,0.8724725319584924,49.25,0.26,0.0275,0.1115,0.0,0.0,1.0048,0.0167,-0.0737,-0.03,0
65,2024-03-05 07:35:00,2024-03-05,07:35:00,1,Tuesday,0.0,48119.0,1.27653704276037,64.5,0.34,0.0066,0.0106,0.0,0.0,0.9905,-0.0164,-0.0619,-0.68,0
66,2024-03-06 07:35:00,2024-03-06,07:35:00,1,Wednesday,0.0,37556.0,0.9939328177000285,34.75,0.18,0.1222,0.0159,1.0,1.0,1.007,-0.0144,-0.0217,0.96,1
67,2024-03-07 07:35:00,2024-03-07,07:35:00,0,Thursday,1.0,30814.0,0.8159050379104316,28.75,0.15,0.0185,0.0873,0.0,0.0,1.0072,0.0196,0.0912,0.76,1
68,2024-03-08 07:35:00,2024-03-08,07:35:00,0,Friday,1.0,36246.0,0.9652254149928698,56.75,0.3,0.0276,0.1273,1.0,0.0,1.0032,0.0189,-0.1326,0.05,1
69,2024-03-11 07:40:00,2024-03-11,07:40:00,0,Monday,1.0,17195.0,0.4681612249787632,86.25,0.46,0.0789,0.0415,0.0,0.0,0.9877,-0.0243,0.1314,-0.36,0
70,2024-03-13 07:35:00,2024-03-13,07:35:00,1,Wednesday,0.0,42780.0,1.1365206210216465,47.25,0.25,0.0066,0.0423,0.0,0.0,1.011,-0.0011,-0.0616,1.17,1
71,2024-03-14 07:35:00,2024-03-14,07:35:00,0,Thursday,1.0,40043.0,1.0528709882678362,49.75,0.26,0.0464,0.2135,1.0,1.0,1.0021,0.0082,0.0632,0.24,1
72,2024-03-15 07:35:00,2024-03-15,07:35:00,1,Friday,0.0,54149.0,1.4072259724396916,48.75,0.26,0.1235,0.1262,0.0,0.0,0.993,-0.0142,-0.1612,-0.69,0
73,2024-03-18 07:35:00,2024-03-18,07:35:00,0,Monday,1.0,55354.0,1.4109274616483591,52.25,0.28,0.0626,0.0386,0.0,0.0,1.0105,0.0051,0.0814,1.25,1
74,2024-03-19 07:35:00,2024-03-19,07:35:00,0,Tuesday,0.0,54518.0,1.3503378445320706,50.75,0.27,0.051,0.1397,0.0,0.0,0.9932,0.0017,-0.2233,-0.47,0
75,2024-03-20 07:35:00,2024-03-20,07:35:00,0,Wednesday,0.0,38786.0,0.9617885805894074,33.5,0.18,0.0918,0.016,0.0,0.0,1.0061,0.0016,-0.1534,0.26,1
76,2024-03-21 07:35:00,2024-03-21,07:35:00,0,Thursday,0.0,40219.0,1.0060522224626378,37.75,0.2,0.0222,0.0222,0.0,0.0,1.0205,0.0242,0.0478,1.1,1
77,2024-03-25 07:40:00,2024-03-25,07:40:00,0,Monday,0.0,39676.0,0.9995616399703728,39.0,0.21,0.0528,0.0884,0.0,0.0,0.9915,0.0024,-0.155,-0.54,0
78,2024-03-26 07:35:00,2024-03-26,07:35:00,0,Tuesday,1.0,34331.0,0.8647400125185922,40.5,0.21,0.0092,0.101,1.0,0.0,1.0018,0.0013,-0.0123,0.32,1
79,2024-03-27 07:35:00,2024-03-27,07:35:00,1,Wednesday,0.0,41234.0,1.0356151240897178,57.5,0.3,0.0315,0.0236,1.0,1.0,1.0009,-0.0021,-0.1499,0.63,1
80,2024-03-28 07:40:00,2024-03-28,07:40:00,0,Thursday,1.0,38330.0,0.9553933738123013,48.75,0.26,0.025,0.1119,1.0,0.0,1.0032,-0.0041,0.0959,-0.04,0
81,2024-04-01 07:35:00,2024-04-01,07:35:00,0,Monday,1.0,42117.0,1.0472593270407098,71.0,0.37,0.0053,0.1001,0.0,0.0,1.0009,0.0076,0.271,0.21,1
82,2024-04-03 07:35:00,2024-04-03,07:35:00,1,Wednesday,1.0,25980.0,0.6574352433876894,35.5,0.19,0.024,0.0093,0.0,0.0,0.9869,-0.0129,0.0528,-1.38,0
83,2024-04-04 07:35:00,2024-04-04,07:35:00,0,Thursday,1.0,23655.0,0.611481268458501,22.0,0.12,0.0092,0.0618,0.0,0.0,1.0073,0.0048,-0.0509,0.93,1
84,2024-04-05 07:35:00,2024-04-05,07:35:00,0,Friday,0.0,38559.0,0.9891221954156998,49.0,0.26,0.18,0.0309,1.0,1.0,0.9845,-0.0159,-0.1419,0.35,1
85,2024-04-08 07:35:00,2024-04-08,07:35:00,0,Monday,0.0,44378.0,1.1438808124548923,50.5,0.27,0.0372,0.0173,0.0,1.0,1.0029,0.0069,-0.2504,0.2,1
86,2024-04-09 07:35:00,2024-04-09,07:35:00,1,Tuesday,0.0,44680.0,1.141187468392581,54.5,0.29,0.0755,0.0066,0.0,0.0,1.0045,0.004,0.0959,0.51,1
87,2024-04-10 07:35:00,2024-04-10,07:35:00,0,Wednesday,1.0,54662.0,1.3548777283700917,49.75,0.27,0.0766,0.1169,0.0,0.0,0.9924,-0.0093,0.1512,-1.21,0
88,2024-04-11 07:40:00,2024-04-11,07:40:00,0,Thursday,0.0,46916.0,1.147705005858883,50.75,0.27,0.0427,0.2214,0.0,0.0,1.0046,0.0017,-0.0789,0.41,1
89,2024-04-15 07:35:00,2024-04-15,07:35:00,1,Monday,0.0,37965.0,0.9057270866434778,72.25,0.38,0.0199,0.008,0.0,0.0,1.0,0.0089,-0.0128,-0.79,0
90,2024-04-16 07:35:00,2024-04-16,07:35:00,0,Tuesday,1.0,35339.0,0.8506290235421974,39.25,0.21,0.0191,0.1186,1.0,0.0,0.986,-0.0374,-0.033,-0.05,0
91,2024-04-17 07:35:00,2024-04-17,07:35:00,1,Wednesday,0.0,34451.0,0.8348731792962308,35.5,0.19,0.0136,0.0163,1.0,0.0,1.0034,0.004,-0.0137,0.45,1
92,2024-04-18 07:35:00,2024-04-18,07:35:00,0,Thursday,0.0,40515.0,0.9983182717007633,55.25,0.3,0.0317,0.0496,1.0,1.0,0.9948,-0.0185,-0.3352,0.1,1
93,2024-04-19 07:35:00,2024-04-19,07:35:00,0,Friday,0.0,38230.0,0.9623166079535228,50.25,0.28,0.0084,0.1476,0.0,0.0,0.9926,-0.0126,-0.149,-0.29,0
94,2024-04-23 07:40:00,2024-04-23,07:40:00,1,Tuesday,1.0,49660.0,1.2577198698718346,51.75,0.29,0.2027,0.0783,0.0,0.0,1.0061,-0.0089,0.0492,1.43,1
95,2024-04-24 07:35:00,2024-04-24,07:35:00,0,Wednesday,1.0,42311.0,1.0668324071365896,40.5,0.22,0.1003,0.1017,0.0,0.0,1.0108,0.0373,0.1356,0.7,1
96,2024-04-25 07:40:00,2024-04-25,07:40:00,1,Thursday,1.0,71107.0,1.7256970061740378,52.25,0.29,0.0295,0.0309,0.0,0.0,0.983,-0.0194,0.2071,-1.72,0
97,2024-04-26 07:35:00,2024-04-26,07:35:00,1,Friday,1.0,47363.0,1.138830680598185,69.25,0.38,0.0124,0.1638,0.0,0.0,1.0117,0.0079,0.1794,0.74,1
98,2024-04-29 07:35:00,2024-04-29,07:35:00,1,Monday,0.0,43927.0,1.0441667785861068,40.75,0.22,0.0748,0.068,0.0,0.0,1.0059,0.0229,-0.1504,0.46,1
99,2024-04-30 07:40:00,2024-04-30,07:40:00,0,Tuesday,1.0,36824.0,0.8799370108092415,34.75,0.19,0.0341,0.0683,1.0,0.0,0.9974,-0.0007,0.1886,-0.39,0
100,2024-05-01 07:55:00,2024-05-01,07:55:00,0,Wednesday,0.0,39398.0,0.9402448817892289,50.75,0.28,0.0919,0.0877,0.0,0.0,0.9855,-0.0208,-0.0456,-0.35,0
101,2024-05-03 07:40:00,2024-05-03,07:40:00,0,Friday,1.0,34882.0,0.8397187296130727,47.5,0.26,0.0407,0.114,0.0,0.0,1.0244,0.0155,0.143,3.02,1
102,2024-05-06 07:35:00,2024-05-06,07:35:00,1,Monday,1.0,32089.0,0.766843786256842,35.5,0.19,0.0148,0.1469,0.0,0.0,1.0075,0.0211,0.0655,0.4,1
103,2024-05-07 07:50:00,2024-05-07,07:50:00,0,Tuesday,0.0,29554.0,0.7013205823376562,40.0,0.21,0.0549,0.0763,0.0,0.0,1.006,0.0127,-0.0308,0.07,1
104,2024-05-08 07:35:00,2024-05-08,07:35:00,1,Wednesday,1.0,26731.0,0.6433593026082395,31.5,0.17,0.0431,0.0269,0.0,0.0,0.993,-0.0025,0.1128,-0.62,0
105,2024-05-09 07:35:00,2024-05-09,07:35:00,1,Thursday,0.0,29864.0,0.731541223905897,32.0,0.17,0.0951,0.0308,1.0,0.0,1.0004,-0.001,-0.1158,0.02,1
106,2024-05-10 07:35:00,2024-05-10,07:35:00,0,Friday,1.0,38524.0,0.9508436256651759,59.75,0.32,0.004,0.0973,0.0,0.0,1.0041,0.0091,0.077,0.32,1
107,2024-05-13 07:35:00,2024-05-13,07:35:00,0,Monday,0.0,33325.0,0.8447669444532463,46.25,0.25,0.0239,0.0053,0.0,0.0,1.0049,0.0041,-0.0923,0.43,1
108,2024-05-14 07:35:00,2024-05-14,07:35:00,1,Tuesday,1.0,37180.0,0.9542643527852175,29.25,0.16,0.0387,0.048,1.0,0.0,0.9994,0.0018,0.0634,-0.12,0
109,2024-05-15 07:35:00,2024-05-15,07:35:00,0,Wednesday,1.0,42068.0,1.0740647124755216,37.0,0.19,0.0316,0.0908,0.0,0.0,1.0092,0.0141,-0.0435,0.53,1
110,2024-05-16 07:35:00,2024-05-16,07:35:00,1,Thursday,1.0,28269.0,0.7283271842859205,18.5,0.1,0.0326,0.0352,1.0,1.0,1.0045,0.0164,0.0564,-0.08,0
111,2024-05-17 07:35:00,2024-05-17,07:35:00,0,Friday,1.0,31536.0,0.8155612479100856,24.75,0.13,0.0692,0.0078,1.0,1.0,0.9971,-0.0025,0.061,0.0,0
112,2024-05-20 07:35:00,2024-05-20,07:35:00,1,Monday,1.0,33112.0,0.8645950017886193,54.5,0.28,0.0026,0.0457,0.0,1.0,1.0004,-0.0007,0.1192,0.03,1
113,2024-05-21 07:35:00,2024-05-21,07:35:00,1,Tuesday,1.0,33063.0,0.8691788897549512,33.25,0.17,0.0078,0.0443,1.0,1.0,0.9974,0.0052,0.0219,-0.43,0
114,2024-05-23 07:35:00,2024-05-23,07:35:00,1,Thursday,0.0,42650.0,1.1316344223822166,51.75,0.27,0.0051,0.0308,0.0,1.0,1.012,0.0106,-0.0447,0.96,1
115,2024-05-24 07:35:00,2024-05-24,07:35:00,0,Friday,1.0,29345.0,0.7922398560496536,43.5,0.23,0.013,0.1545,1.0,1.0,0.9976,0.0003,-0.0819,0.35,1
116,2024-05-28 07:35:00,2024-05-28,07:35:00,0,Tuesday,0.0,33477.0,0.9521588325054289,35.0,0.18,0.0889,0.0425,0.0,1.0,1.0039,0.016,-0.0167,0.25,1
117,2024-05-29 07:35:00,2024-05-29,07:35:00,1,Wednesday,1.0,37506.0,1.0819184104401407,45.5,0.24,0.0545,0.0247,0.0,0.0,0.9931,-0.0033,0.077,-0.94,0
118,2024-05-30 07:35:00,2024-05-30,07:35:00,1,Thursday,0.0,36011.0,1.0507901862832065,54.0,0.28,0.0234,0.0065,1.0,0.0,0.9957,-0.0086,0.0149,-0.24,0
119,2024-05-31 07:35:00,2024-05-31,07:35:00,0,Friday,1.0,31329.0,0.9215590818237038,41.5,0.22,0.072,0.0105,1.0,0.0,0.9948,-0.0151,0.1118,-0.01,0
120,2024-06-03 07:35:00,2024-06-03,07:35:00,0,Monday,1.0,32701.0,0.9714861203536457,33.5,0.17,0.0651,0.0768,0.0,0.0,1.0164,0.0037,0.0414,0.61,1
121,2024-06-04 07:35:00,2024-06-04,07:35:00,0,Tuesday,0.0,36250.0,1.0747364301554736,65.75,0.34,0.0667,0.0405,1.0,0.0,1.0037,0.0142,0.0729,-0.08,0
122,2024-06-05 07:35:00,2024-06-05,07:35:00,0,Wednesday,0.0,28327.0,0.8445459451240419,31.25,0.16,0.0181,0.062,0.0,0.0,1.0117,0.0161,-0.0712,0.79,1
123,2024-06-06 07:35:00,2024-06-06,07:35:00,0,Thursday,1.0,26972.0,0.8072548784867712,28.75,0.15,0.051,0.0931,0.0,0.0,1.0087,0.0265,0.0497,0.14,1
124,2024-06-07 07:50:00,2024-06-07,07:50:00,1,Friday,1.0,26927.0,0.8056717471829763,50.0,0.26,0.0013,0.0218,1.0,0.0,0.9988,-0.0024,0.1718,-0.13,0
125,2024-06-10 07:35:00,2024-06-10,07:35:00,1,Monday,1.0,33025.0,0.9834766980793542,40.5,0.21,0.0231,0.0577,0.0,0.0,0.9959,-0.0031,0.0621,-0.27,0
126,2024-06-11 07:35:00,2024-06-11,07:35:00,0,Tuesday,1.0,33009.0,0.9911392291039242,39.5,0.2,0.0409,0.0626,1.0,1.0,0.9994,0.0012,-0.0509,-0.29,0
127,2024-06-13 07:35:00,2024-06-13,07:35:00,0,Thursday,1.0,26893.0,0.8153717880694308,21.5,0.11,0.0571,0.0298,0.0,1.0,1.0263,0.0312,0.0941,2.05,1
128,2024-06-14 07:35:00,2024-06-14,07:35:00,1,Friday,1.0,27161.0,0.8361977799704756,27.75,0.14,0.0037,0.107,1.0,0.0,1.0021,0.0207,0.0901,-0.08,0
129,2024-06-17 07:35:00,2024-06-17,07:35:00,0,Monday,0.0,12539.0,0.40441733779281475,36.5,0.18,0.0804,0.0074,0.0,0.0,1.0031,0.0037,0.0169,0.03,1
130,2024-06-18 07:35:00,2024-06-18,07:35:00,0,Tuesday,1.0,6333.0,0.2117472407325057,32.0,0.16,0.022,0.0502,1.0,1.0,1.0052,0.0147,-0.054,-0.04,0
131,2024-06-20 07:40:00,2024-06-20,07:40:00,0,Thursday,1.0,33670.0,1.1217724471097785,55.0,0.27,0.0439,0.0122,0.0,1.0,1.0026,-0.0013,0.1562,0.23,1
132,2024-06-21 07:35:00,2024-06-21,07:35:00,0,Friday,1.0,31307.0,1.0461908620790483,38.5,0.19,0.0099,0.1654,1.0,0.0,0.9952,-0.009,-0.064,-0.09,0
133,2024-06-24 07:40:00,2024-06-24,07:40:00,0,Monday,0.0,28316.0,0.9538053180810714,57.0,0.28,0.0335,0.0657,0.0,0.0,0.9961,-0.0019,-0.1433,-0.27,0
134,2024-06-25 07:35:00,2024-06-25,07:35:00,0,Tuesday,0.0,31247.0,1.0731439267101117,26.75,0.13,0.0473,0.0187,1.0,1.0,0.9975,-0.01,-0.0629,0.43,1
135,2024-06-26 07:40:00,2024-06-26,07:40:00,1,Wednesday,1.0,31153.0,1.066604125973846,33.25,0.16,0.1128,0.0149,1.0,1.0,1.0015,0.0047,0.0706,-0.19,0
136,2024-06-27 07:35:00,2024-06-27,07:35:00,0,Thursday,1.0,38489.0,1.3065609803705245,66.25,0.33,0.0247,0.0037,1.0,1.0,1.0009,0.0061,0.2342,-0.07,0
137,2024-06-28 07:35:00,2024-06-28,07:35:00,1,Friday,1.0,32881.0,1.1250213843364012,36.25,0.18,0.0234,0.0135,1.0,0.0,1.0022,0.0053,0.132,0.11,1
138,2024-07-01 07:40:00,2024-07-01,07:40:00,1,Monday,0.0,40409.0,1.3722666902118728,58.5,0.29,0.0742,0.0247,0.0,0.0,0.9952,-0.0061,-0.1391,0.19,1
139,2024-07-03 07:45:00,2024-07-03,07:45:00,1,Wednesday,1.0,38638.0,1.2960400639332357,52.25,0.26,0.0293,0.0012,0.0,0.0,1.0118,0.0147,0.0935,0.83,1
140,2024-07-05 07:35:00,2024-07-05,07:35:00,0,Friday,1.0,34990.0,1.1691861475333147,38.0,0.18,0.081,0.0073,0.0,0.0,1.0129,0.0247,0.1147,0.11,1
141,2024-07-08 07:35:00,2024-07-08,07:35:00,0,Monday,0.0,39396.0,1.3095289538327555,30.5,0.15,0.0635,0.0479,0.0,0.0,1.0035,0.0115,-0.0512,0.05,1
142,2024-07-09 07:35:00,2024-07-09,07:35:00,0,Tuesday,1.0,38278.0,1.2516656230124927,43.25,0.21,0.0036,0.0095,0.0,0.0,1.0042,0.0078,-0.0556,0.27,1
143,2024-07-10 07:35:00,2024-07-10,07:35:00,0,Wednesday,0.0,35929.0,1.1578981291996326,32.5,0.15,0.05,0.0202,1.0,0.0,1.0037,0.0055,-0.0384,0.38,1
144,2024-07-11 07:40:00,2024-07-11,07:40:00,1,Thursday,0.0,42985.0,1.3503537276485593,34.25,0.16,0.0366,0.1064,1.0,0.0,1.0046,0.0117,0.0371,0.0,0
145,2024-07-15 07:35:00,2024-07-15,07:35:00,0,Monday,1.0,37913.0,1.1819445830007982,40.25,0.19,0.0611,0.0455,0.0,0.0,1.0013,-0.0127,0.0844,0.88,1
146,2024-07-16 07:35:00,2024-07-16,07:35:00,0,Tuesday,1.0,35160.0,1.0924564268037105,41.0,0.2,0.0287,0.0873,1.0,0.0,1.0013,0.0094,0.0965,0.27,1
147,2024-07-17 07:35:00,2024-07-17,07:35:00,0,Wednesday,1.0,43360.0,1.3136328796008205,35.0,0.17,0.039,0.0049,0.0,0.0,0.9858,-0.0206,-0.0498,-1.65,0
148,2024-07-18 07:35:00,2024-07-18,07:35:00,1,Thursday,0.0,41684.0,1.2356727737865676,56.75,0.28,0.0392,0.0282,1.0,1.0,1.0001,-0.0261,-0.0286,0.75,1
149,2024-07-19 07:35:00,2024-07-19,07:35:00,0,Friday,1.0,43989.0,1.245923183789885,72.75,0.36,0.0634,0.1629,1.0,0.0,0.9976,-0.0068,0.1856,-0.13,0
150,2024-07-23 07:35:00,2024-07-23,07:35:00,0,Tuesday,1.0,36507.0,0.9916324981223711,47.25,0.23,0.0124,0.1238,0.0,0.0,1.0093,0.0083,0.1416,1.24,1
151,2024-07-24 07:35:00,2024-07-24,07:35:00,1,Wednesday,0.0,47399.0,1.2639227764222765,74.5,0.37,0.0767,0.0013,0.0,0.0,0.9843,-0.0103,-0.2647,-1.43,0
152,2024-07-25 07:35:00,2024-07-25,07:35:00,1,Thursday,0.0,48814.0,1.2719647391591546,88.75,0.46,0.0476,0.1067,1.0,1.0,0.989,-0.0466,-0.1481,0.07,1
153,2024-07-26 07:40:00,2024-07-26,07:40:00,0,Friday,0.0,51199.0,1.295488474481921,77.75,0.4,0.0116,0.0464,1.0,1.0,0.998,-0.0081,0.0675,0.91,1
154,2024-07-29 07:35:00,2024-07-29,07:35:00,0,Monday,1.0,51386.0,1.2679151055012652,71.5,0.37,0.0397,0.187,0.0,1.0,1.0063,0.0068,0.1984,0.57,1
155,2024-07-30 07:35:00,2024-07-30,07:35:00,0,Tuesday,1.0,44078.0,1.0705247460788552,44.25,0.23,0.0615,0.1229,1.0,0.0,1.0021,0.0095,0.0177,0.41,1
156,2024-07-31 07:40:00,2024-07-31,07:40:00,1,Wednesday,1.0,58507.0,1.387240338493566,81.0,0.41,0.1007,0.0038,0.0,0.0,1.0177,0.0045,-0.0926,2.28,1
157,2024-08-01 07:35:00,2024-08-01,07:35:00,1,Thursday,1.0,50576.0,1.174551235083262,50.25,0.25,0.0152,0.0658,1.0,0.0,1.0066,0.0359,0.0969,0.15,1
158,2024-08-02 07:35:00,2024-08-02,07:35:00,0,Friday,1.0,52752.0,1.2077752592897864,115.65749999999753,0.6,0.0174,0.004,1.0,0.0,0.9847,-0.0421,0.5677,-0.65,0
159,2024-08-05 07:35:00,2024-08-05,07:35:00,1,Monday,1.0,86804.0,1.8835507200777688,202.5,1.14,0.1828,0.3038,0.0,0.0,0.9349,-0.0732,1.0757,-6.65,0
160,2024-08-06 07:35:00,2024-08-06,07:35:00,0,Tuesday,0.0,49617.0,1.0598152580331996,109.0,0.6,0.3416,0.0629,1.0,0.0,0.9976,-0.0404,-0.0834,0.32,1
161,2024-08-07 07:35:00,2024-08-07,07:35:00,0,Wednesday,1.0,42024.0,0.895117049589919,84.25,0.45,0.1539,0.0803,1.0,0.0,1.0097,0.0302,0.131,1.55,1
162,2024-08-08 07:35:00,2024-08-08,07:35:00,0,Thursday,0.0,35534.0,0.7590975169218248,70.25,0.38,0.103,0.2182,1.0,1.0,0.9967,-0.0059,-0.172,1.41,1
163,2024-08-09 07:35:00,2024-08-09,07:35:00,0,Friday,1.0,32786.0,0.7027524076332639,57.25,0.31,0.0776,0.0013,1.0,1.0,1.0041,0.0221,0.1804,-0.37,0
164,2024-08-12 07:35:00,2024-08-12,07:35:00,0,Monday,1.0,23824.0,0.5213625366966002,37.18500000000131,0.19,0.0027,0.0416,0.0,1.0,1.0188,0.0282,-0.1351,1.52,1
165,2024-08-13 07:45:00,2024-08-13,07:45:00,1,Tuesday,1.0,32523.0,0.7159532559990226,76.5,0.4,0.1444,0.0328,1.0,0.0,0.9976,0.0169,0.2271,-0.4,0
166,2024-08-14 07:35:00,2024-08-14,07:35:00,1,Wednesday,0.0,38224.0,0.8386253862768995,71.0,0.37,0.1988,0.0168,0.0,0.0,1.0077,0.0129,-0.0038,0.19,1
167,2024-08-15 07:35:00,2024-08-15,07:35:00,1,Thursday,1.0,31472.0,0.6996117590438581,45.5,0.23,0.0868,0.0817,0.0,0.0,1.0143,0.0172,0.1094,1.28,1
168,2024-08-16 07:35:00,2024-08-16,07:35:00,1,Friday,1.0,33881.0,0.759752258110811,52.75,0.27,0.0063,0.209,1.0,1.0,1.0014,0.0236,0.0203,-0.43,0
169,2024-08-19 07:35:00,2024-08-19,07:35:00,0,Monday,0.0,28100.0,0.6415473848953261,31.75,0.16,0.0504,0.0315,0.0,1.0,1.0009,0.0006,-0.0584,0.01,1
170,2024-08-20 07:35:00,2024-08-20,07:35:00,0,Tuesday,1.0,27767.0,0.6403333690778042,48.25,0.24,0.005,0.005,1.0,1.0,1.0071,0.0138,0.0126,-0.21,0
171,2024-08-21 07:35:00,2024-08-21,07:35:00,0,Wednesday,0.0,25268.0,0.5979629314098559,31.25,0.16,0.0373,0.0087,1.0,0.0,1.0012,0.0034,0.0773,0.15,1
172,2024-08-22 07:35:00,2024-08-22,07:35:00,1,Thursday,0.0,31605.0,0.7634731081363454,40.26249999999709,0.2,0.1275,0.0575,0.0,0.0,1.02,0.0234,-0.068,1.82,1
173,2024-08-23 08:00:00,2024-08-23,08:00:00,1,Friday,1.0,25491.0,0.6355122479023808,58.75,0.29,0.0438,0.04,0.0,0.0,0.9881,-0.0093,0.4599,-0.47,0
174,2024-08-26 07:45:00,2024-08-26,07:45:00,1,Monday,0.0,31743.0,0.8112438919670422,59.5,0.3,0.0475,0.1037,0.0,0.0,1.0002,-0.0076,-0.1873,-0.13,0
175,2024-08-27 07:35:00,2024-08-27,07:35:00,0,Tuesday,0.0,33360.0,0.8644077019348118,46.75,0.24,0.0797,0.1177,1.0,0.0,0.9949,-0.0117,-0.1834,-0.36,0
176,2024-08-28 07:35:00,2024-08-28,07:35:00,1,Wednesday,0.0,27175.0,0.7339377685591052,36.25,0.18,0.1447,0.0239,1.0,1.0,1.0001,0.0011,-0.1697,-0.13,0
177,2024-08-29 07:35:00,2024-08-29,07:35:00,0,Thursday,1.0,44006.0,1.1991454528609344,114.0,0.58,0.0089,0.1001,1.0,1.0,1.0018,-0.0029,0.0738,0.39,1
178,2024-08-30 07:35:00,2024-08-30,07:35:00,0,Friday,0.0,29714.0,0.8359332581254096,62.5,0.32,0.0909,0.1111,1.0,0.0,1.0002,0.0046,-0.0576,0.86,1
179,2024-09-03 07:35:00,2024-09-03,07:35:00,1,Tuesday,0.0,39768.0,1.1980442307518506,79.25,0.4,0.0292,0.0862,0.0,0.0,0.9996,0.0023,-0.1722,-0.68,0
180,2024-09-04 07:40:00,2024-09-04,07:40:00,0,Wednesday,1.0,34956.0,1.076859805828832,69.75,0.37,0.0353,0.0955,0.0,0.0,0.9831,-0.0345,0.2012,-0.71,0
181,2024-09-05 07:35:00,2024-09-05,07:35:00,1,Thursday,1.0,32344.0,1.011475417526007,62.5,0.33,0.1805,0.0092,1.0,1.0,0.9939,-0.0085,0.3281,-0.37,0
182,2024-09-06 07:35:00,2024-09-06,07:35:00,1,Friday,0.0,35486.0,1.1098166829034875,83.25,0.43,0.1983,0.1683,1.0,1.0,0.998,-0.0008,-0.4226,-0.24,0
183,2024-09-09 07:35:00,2024-09-09,07:35:00,0,Monday,1.0,34339.0,1.0713427741534929,60.5,0.32,0.0557,0.1273,0.0,1.0,1.0023,-0.0197,0.0698,0.92,1
184,2024-09-10 07:35:00,2024-09-10,07:35:00,1,Tuesday,0.0,39485.0,1.2025149724306274,75.25,0.4,0.241,0.0593,0.0,0.0,1.0075,0.0164,-0.2008,0.37,1
185,2024-09-11 07:35:00,2024-09-11,07:35:00,1,Wednesday,0.0,39939.0,1.2027591274507885,63.75,0.33,0.0196,0.0144,0.0,0.0,1.0084,0.0156,-0.1508,0.25,1
186,2024-09-12 07:35:00,2024-09-12,07:35:00,0,Thursday,1.0,43836.0,1.3090550740218145,73.08750000000146,0.37,0.0701,0.257,0.0,0.0,1.032,0.0413,-0.0048,1.37,1
187,2024-09-13 07:35:00,2024-09-13,07:35:00,1,Friday,1.0,25221.0,0.76025947875156,53.75,0.27,0.0089,0.0687,0.0,0.0,0.9917,0.0191,0.144,-1.55,0
188,2024-09-16 07:35:00,2024-09-16,07:35:00,0,Monday,0.0,20636.0,0.6347204643215802,101.0,0.51,0.033,0.014,0.0,0.0,0.9946,-0.0204,-0.0647,-0.47,0
189,2024-09-17 07:35:00,2024-09-17,07:35:00,0,Tuesday,0.0,10008.0,0.31663521301216335,58.25,0.29,0.1667,0.0088,0.0,0.0,1.0077,0.0022,-0.024,0.63,1
190,2024-09-18 07:35:00,2024-09-18,07:35:00,1,Wednesday,0.0,25061.0,0.7962938543882588,47.5,0.24,0.0291,0.0431,1.0,1.0,1.0014,0.0023,-0.1127,0.26,1
191,2024-09-19 07:35:00,2024-09-19,07:35:00,0,Thursday,0.0,30094.0,0.9489379078526867,36.75,0.18,0.0324,0.0125,0.0,0.0,1.0185,0.022,0.07,2.39,1
192,2024-09-20 07:35:00,2024-09-20,07:35:00,0,Friday,1.0,34996.0,1.0976416825320154,46.25,0.23,0.0936,0.0237,1.0,0.0,0.9985,0.0222,-0.0039,-0.23,0
193,2024-09-23 07:35:00,2024-09-23,07:35:00,0,Monday,0.0,29498.0,0.9194205699235583,51.25,0.26,0.0498,0.0872,0.0,0.0,1.0034,-0.0049,-0.0364,0.22,1
194,2024-09-24 07:35:00,2024-09-24,07:35:00,1,Tuesday,0.0,34232.0,1.0628514299375615,52.0,0.26,0.0931,0.0894,0.0,0.0,1.0033,0.0063,-0.0258,0.29,1
195,2024-09-25 07:35:00,2024-09-25,07:35:00,0,Wednesday,1.0,30876.0,0.962363831876198,55.5,0.28,0.0372,0.0124,1.0,1.0,1.0007,0.0057,0.0588,-0.15,0
196,2024-09-26 07:35:00,2024-09-26,07:35:00,1,Thursday,0.0,32865.0,1.0153546712802768,72.0,0.35,0.0719,0.0207,0.0,0.0,1.0152,0.0165,-0.0839,1.53,1
197,2024-09-27 07:35:00,2024-09-27,07:35:00,1,Friday,0.0,29191.0,0.922969907279324,44.0,0.22,0.0294,0.0994,1.0,1.0,1.004,0.0089,-0.119,0.17,1
198,2024-09-30 07:35:00,2024-09-30,07:35:00,0,Monday,1.0,28899.0,0.914916182546341,65.5,0.32,0.0434,0.052,0.0,1.0,0.9954,-0.006,0.1237,-0.22,0
199,2024-10-01 07:35:00,2024-10-01,07:35:00,1,Tuesday,0.0,41970.0,1.3241167822416284,104.5,0.52,0.0704,0.063,1.0,1.0,1.0028,-0.004,-0.3428,-0.09,0
200,2024-10-02 07:35:00,2024-10-02,07:35:00,0,Wednesday,0.0,35538.0,1.1201644092959335,55.99750000000131,0.28,0.0928,0.158,1.0,1.0,1.011,0.0041,-0.1616,1.17,1
201,2024-10-03 07:35:00,2024-10-03,07:35:00,0,Thursday,1.0,34987.0,1.0982222591920046,84.25,0.42,0.0138,0.0891,0.0,0.0,0.9833,-0.0042,0.0641,-1.82,0
202,2024-10-04 07:50:00,2024-10-04,07:50:00,1,Friday,0.0,37413.0,1.17083200330473,53.5,0.26,0.0606,0.1471,0.0,0.0,1.0104,-0.0046,-0.2881,1.2,1
203,2024-10-07 07:35:00,2024-10-07,07:35:00,0,Monday,1.0,32033.0,1.0060963161415752,45.5,0.23,0.0459,0.108,0.0,0.0,1.0013,0.0113,0.017,-0.45,0
204,2024-10-08 07:35:00,2024-10-08,07:35:00,0,Tuesday,1.0,28409.0,0.9080680579573024,32.75,0.16,0.0162,0.0062,1.0,1.0,0.9991,-0.0047,-0.0143,0.52,1
205,2024-10-09 07:35:00,2024-10-09,07:35:00,0,Wednesday,0.0,23690.0,0.7774184391577365,36.75,0.18,0.0357,0.0308,1.0,1.0,1.0042,0.0151,0.013,-0.08,0
206,2024-10-10 07:45:00,2024-10-10,07:45:00,0,Thursday,0.0,26222.0,0.8861193669224231,50.0,0.25,0.07,0.097,1.0,1.0,0.999,0.006,-0.2417,-0.48,0
207,2024-10-11 07:35:00,2024-10-11,07:35:00,0,Friday,0.0,30299.0,1.0151830153941002,29.5,0.15,0.0221,0.1106,1.0,0.0,0.996,-0.005,-0.0765,-0.44,0
208,2024-10-14 07:35:00,2024-10-14,07:35:00,1,Monday,1.0,25181.0,0.8373263813840276,45.25,0.22,0.0255,0.0499,0.0,0.0,1.0056,0.0097,0.0435,0.5,1
209,2024-10-15 07:35:00,2024-10-15,07:35:00,0,Tuesday,1.0,28164.0,0.9090762372945912,38.25,0.19,0.0364,0.126,1.0,0.0,1.0018,0.0092,-0.0482,0.05,1
210,2024-10-16 07:35:00,2024-10-16,07:35:00,0,Wednesday,0.0,33757.0,1.07452643105199,57.5,0.28,0.0209,0.0111,1.0,1.0,0.9962,-0.0175,-0.1935,0.05,1
211,2024-10-17 07:35:00,2024-10-17,07:35:00,1,Thursday,0.0,43616.0,1.359101078780249,104.0,0.51,0.0146,0.0425,0.0,0.0,1.0127,0.0099,-0.2505,1.11,1
212,2024-10-18 07:35:00,2024-10-18,07:35:00,1,Friday,1.0,37895.0,1.1755217259804416,34.5,0.17,0.011,0.0134,1.0,1.0,1.0018,0.0042,0.0073,0.5,1
213,2024-10-21 07:35:00,2024-10-21,07:35:00,1,Monday,1.0,32417.0,1.0010592075398284,40.0,0.2,0.093,0.0233,0.0,1.0,0.9977,0.0023,0.0946,-0.27,0
214,2024-10-22 07:35:00,2024-10-22,07:35:00,1,Tuesday,1.0,39880.0,1.2208748786931618,53.46249999999782,0.26,0.0919,0.1507,0.0,0.0,1.0104,0.0105,0.1071,0.77,1
215,2024-10-23 08:00:00,2024-10-23,08:00:00,1,Wednesday,0.0,39791.0,1.201751087634416,55.75,0.27,0.137,0.0514,0.0,0.0,0.9853,-0.0017,-0.2116,-1.84,0
216,2024-10-24 07:45:00,2024-10-24,07:45:00,0,Thursday,0.0,41426.0,1.2351627513126548,64.75,0.32,0.0209,0.0724,1.0,1.0,1.0018,-0.026,-0.1789,0.76,1
217,2024-10-25 07:35:00,2024-10-25,07:35:00,1,Friday,1.0,32659.0,0.9687562106412199,57.25,0.28,0.0561,0.0049,0.0,0.0,1.0078,0.0196,0.1323,0.54,1
218,2024-10-28 07:40:00,2024-10-28,07:40:00,1,Monday,0.0,35282.0,1.0367468914783238,62.75,0.3,0.0085,0.1091,0.0,0.0,1.0027,0.013,-0.1054,0.64,1
219,2024-10-29 07:35:00,2024-10-29,07:35:00,0,Tuesday,0.0,41554.0,1.2217937616599506,90.5,0.44,0.0768,0.0305,1.0,1.0,0.9985,-0.0049,-0.0766,0.05,1
220,2024-10-30 07:35:00,2024-10-30,07:35:00,0,Wednesday,0.0,35164.0,1.0344802225232739,53.5,0.26,0.0375,0.0073,1.0,1.0,1.0021,0.0049,-0.1019,-0.16,0
221,2024-10-31 07:45:00,2024-10-31,07:45:00,1,Thursday,0.0,52100.0,1.4950814403287458,116.5,0.57,0.016,0.1498,0.0,0.0,0.987,-0.0224,-0.4733,-0.83,0
222,2024-11-01 07:35:00,2024-11-01,07:35:00,1,Friday,1.0,34112.0,0.9835493641615163,61.25,0.31,0.0324,0.0561,1.0,1.0,0.9961,-0.0258,0.1185,0.28,1
223,2024-11-04 07:35:00,2024-11-04,07:35:00,0,Monday,0.0,34393.0,0.9882889781914366,98.0,0.49,0.1081,0.0211,0.0,1.0,0.9969,-0.0004,-0.1311,-0.13,0
224,2024-11-05 07:35:00,2024-11-05,07:35:00,1,Tuesday,1.0,39278.0,1.1113060208239023,67.0,0.33,0.0211,0.0261,1.0,0.0,1.0007,0.0024,0.1789,0.33,1
225,2024-11-06 07:35:00,2024-11-06,07:35:00,0,Wednesday,1.0,48111.0,1.3157646441068724,80.25,0.39,0.1305,0.0798,0.0,0.0,1.0193,0.0325,0.3078,1.69,1
226,2024-11-07 07:35:00,2024-11-07,07:35:00,1,Thursday,1.0,32073.0,0.8701868814030214,46.0,0.22,0.0464,0.0119,0.0,0.0,1.0118,0.04,0.1558,0.54,1
227,2024-11-08 07:45:00,2024-11-08,07:45:00,0,Friday,0.0,36835.0,0.9906035864502318,45.75,0.22,0.0968,0.0,1.0,1.0,1.0023,0.0171,0.0093,-0.17,0
228,2024-11-11 07:35:00,2024-11-11,07:35:00,1,Monday,0.0,31348.0,0.836108314274093,32.25,0.15,0.0458,0.0458,0.0,1.0,1.0029,0.0023,-0.1258,0.23,1
229,2024-11-12 07:35:00,2024-11-12,07:35:00,0,Tuesday,1.0,32712.0,0.8672287888568841,40.794999999998254,0.19,0.0342,0.1355,0.0,0.0,1.0145,0.0141,0.0555,1.33,1
230,2024-11-13 07:35:00,2024-11-13,07:35:00,0,Wednesday,1.0,26671.0,0.7137800959967457,29.0,0.14,0.0461,0.0402,0.0,0.0,0.9875,-0.0004,-0.0741,-1.46,0
231,2024-11-14 07:35:00,2024-11-14,07:35:00,0,Thursday,1.0,33850.0,0.9179026263946493,35.0,0.17,0.0473,0.0024,1.0,0.0,0.9965,-0.0165,-0.0505,-0.1,0
232,2024-11-15 07:35:00,2024-11-15,07:35:00,1,Friday,0.0,34815.0,0.9480292618769154,41.25,0.2,0.0747,0.0024,0.0,0.0,0.9845,-0.0226,-0.1599,-1.19,0
233,2024-11-18 07:35:00,2024-11-18,07:35:00,0,Monday,1.0,32639.0,0.888507172383567,39.25,0.19,0.0122,0.0389,0.0,0.0,0.999,-0.0266,0.1073,0.32,1
234,2024-11-19 07:35:00,2024-11-19,07:35:00,1,Tuesday,1.0,31760.0,0.8742411292464762,47.5,0.23,0.1584,0.0548,1.0,0.0,0.9953,0.0024,0.1243,-0.53,0
235,2024-11-20 07:35:00,2024-11-20,07:35:00,1,Wednesday,0.0,29437.0,0.8220111446359285,43.25,0.21,0.0145,0.0482,1.0,1.0,1.0034,0.0042,-0.2309,-0.06,0
236,2024-11-21 07:35:00,2024-11-21,07:35:00,1,Thursday,0.0,54929.0,1.5054774283905379,127.0,0.61,0.1521,0.0754,0.0,0.0,1.0116,0.0034,-0.5825,0.59,1
237,2024-11-22 07:35:00,2024-11-22,07:35:00,0,Friday,1.0,38765.0,1.0536429709116804,53.46249999999782,0.25,0.0024,0.083,1.0,0.0,1.0147,0.0269,0.05,1.19,1
238,2024-11-25 07:35:00,2024-11-25,07:35:00,0,Monday,1.0,58358.0,1.5379547347227054,71.5,0.34,0.0535,0.2189,0.0,0.0,0.9973,0.0078,0.206,-0.54,0
239,2024-11-26 07:35:00,2024-11-26,07:35:00,0,Tuesday,1.0,37384.0,0.99065366075995,56.0,0.27,0.0155,0.0012,1.0,1.0,1.0012,-0.0057,0.0253,0.29,1
240,2024-11-27 07:35:00,2024-11-27,07:35:00,1,Wednesday,0.0,40316.0,1.0611065344012127,71.0,0.34,0.0167,0.0848,1.0,0.0,0.9996,0.002,-0.1251,-0.25,0
241,2024-11-29 07:35:00,2024-11-29,07:35:00,1,Friday,1.0,28024.0,0.7617183783857245,39.25,0.19,0.0648,0.0876,0.0,0.0,1.0014,-0.0063,0.1548,0.07,1
242,2024-12-02 07:35:00,2024-12-02,07:35:00,1,Monday,1.0,49419.0,1.3158802157320364,96.79249999999956,0.45,0.0404,0.0772,0.0,0.0,1.0213,0.0363,0.1312,1.6,1
243,2024-12-03 07:35:00,2024-12-03,07:35:00,1,Tuesday,1.0,47542.0,1.2441218109925078,51.5,0.24,0.0425,0.1099,0.0,0.0,0.9875,0.009,0.1036,-1.61,0
244,2024-12-04 07:35:00,2024-12-04,07:35:00,0,Wednesday,0.0,41481.0,1.082392112401154,38.5,0.18,0.0887,0.0444,0.0,0.0,1.0074,-0.0044,-0.1041,0.65,1
245,2024-12-05 07:35:00,2024-12-05,07:35:00,0,Thursday,1.0,34651.0,0.9203342855131879,32.75,0.15,0.0499,0.0778,1.0,1.0,1.0038,0.0149,-0.042,-0.01,0
246,2024-12-06 07:35:00,2024-12-06,07:35:00,1,Friday,1.0,33280.0,0.8825058073549221,47.5,0.22,0.0547,0.0291,1.0,1.0,0.9988,0.0004,0.0837,0.07,1
247,2024-12-09 07:45:00,2024-12-09,07:45:00,0,Monday,1.0,43923.0,1.153888591154125,59.5,0.28,0.1261,0.0335,0.0,1.0,1.0003,0.0048,0.1467,-0.2,0
248,2024-12-10 07:35:00,2024-12-10,07:35:00,1,Tuesday,1.0,36079.0,0.9419674035781654,28.25,0.13,0.0035,0.0987,1.0,1.0,1.0001,-0.0056,0.0601,0.22,1
249,2024-12-11 07:35:00,2024-12-11,07:35:00,1,Wednesday,1.0,39571.0,1.0239696517245573,45.0,0.21,0.0544,0.0799,1.0,0.0,1.0054,0.0076,0.0197,0.85,1
250,2024-12-12 08:00:00,2024-12-12,08:00:00,0,Thursday,0.0,35270.0,0.9026312455773756,41.3025000000016,0.19,0.0127,0.098,0.0,0.0,1.0123,0.0299,0.0215,0.9,1
251,2024-12-13 07:35:00,2024-12-13,07:35:00,1,Friday,1.0,33298.0,0.8527660860423514,28.63249999999971,0.13,0.0138,0.0218,0.0,0.0,1.0055,0.0156,0.0895,0.7,1
252,2024-12-16 07:40:00,2024-12-16,07:40:00,1,Monday,1.0,26036.0,0.6743662599299111,40.034999999999854,0.18,0.0582,0.016,0.0,0.0,1.0066,0.0123,-0.0026,0.47,1
253,2024-12-17 07:40:00,2024-12-17,07:40:00,0,Tuesday,1.0,18751.0,0.494570564202386,60.55749999999898,0.27,0.0091,0.0862,1.0,1.0,1.0,0.0096,0.1882,-0.35,0
254,2024-12-18 07:35:00,2024-12-18,07:35:00,0,Wednesday,0.0,36067.0,0.9459191876010548,79.25,0.36,0.0999,0.0337,1.0,0.0,0.9982,-0.0099,0.0058,-0.15,0
255,2024-12-19 07:35:00,2024-12-19,07:35:00,1,Thursday,0.0,45863.0,1.177473373153258,55.25,0.25,0.0969,0.1384,1.0,1.0,0.9773,-0.0302,-0.1997,0.84,1
256,2024-12-20 07:35:00,2024-12-20,07:35:00,0,Friday,1.0,43566.0,1.1350573963972883,42.0,0.2,0.0707,0.0966,0.0,0.0,0.985,-0.0316,0.367,-0.77,0
257,2024-12-23 07:35:00,2024-12-23,07:35:00,0,Monday,1.0,44981.0,1.1625100147313467,64.25,0.3,0.1376,0.0474,0.0,0.0,1.0007,0.0089,0.0816,0.24,1
258,2024-12-24 07:35:00,2024-12-24,07:35:00,1,Tuesday,1.0,27781.0,0.7475214689425158,44.75,0.21,0.0825,0.1157,0.0,0.0,1.0072,0.0065,0.0534,0.32,1
259,2024-12-26 07:35:00,2024-12-26,07:35:00,0,Thursday,1.0,30763.0,0.8351998609945945,35.75,0.16,0.0376,0.0285,0.0,0.0,1.0054,0.016,0.0322,-0.38,0
260,2024-12-27 07:35:00,2024-12-27,07:35:00,1,Friday,0.0,40292.0,1.093943022217154,94.5,0.43,0.079,0.032,0.0,0.0,0.9926,-0.0104,-0.2664,-0.73,0
261,2024-12-30 07:35:00,2024-12-30,07:35:00,0,Monday,0.0,43022.0,1.1447562383919876,77.5,0.36,0.0397,0.0444,0.0,0.0,0.9882,-0.0359,-0.0268,-1.36,0
262,2024-12-31 07:35:00,2024-12-31,07:35:00,1,Tuesday,0.0,33883.0,0.9206086129601956,57.75,0.27,0.1293,0.113,1.0,0.0,0.999,-0.0114,-0.2844,0.21,1
263,2025-01-02 07:35:00,2025-01-02,07:35:00,0,Thursday,0.0,44990.0,1.2266409287463125,107.5,0.5,0.1171,0.0059,0.0,0.0,1.0012,-0.013,-0.4117,0.6,1
264,2025-01-03 07:35:00,2025-01-03,07:35:00,0,Friday,1.0,35267.0,0.9697607976527979,86.0,0.4,0.1444,0.0798,1.0,1.0,1.0047,0.004,0.3185,0.59,1
265,2025-01-06 07:35:00,2025-01-06,07:35:00,0,Monday,1.0,51616.0,1.386969484038001,62.0,0.29,0.0276,0.0414,0.0,1.0,1.0143,0.0338,0.0397,1.04,1
266,2025-01-07 07:35:00,2025-01-07,07:35:00,1,Tuesday,0.0,38783.0,1.0344864377529002,59.5,0.27,0.0665,0.0115,1.0,0.0,1.0017,0.0123,-0.2133,0.19,1
267,2025-01-08 07:35:00,2025-01-08,07:35:00,0,Wednesday,1.0,39639.0,1.0633948476093131,59.75,0.28,0.0222,0.1826,1.0,0.0,0.993,-0.0162,-0.2167,-0.02,0
268,2025-01-10 07:35:00,2025-01-10,07:35:00,1,Friday,0.0,48902.0,1.289710038096318,83.25,0.39,0.0189,0.2064,0.0,0.0,0.9936,-0.0131,-0.2219,-0.78,0
269,2025-01-13 07:35:00,2025-01-13,07:35:00,0,Monday,0.0,45841.0,1.1990672381119287,43.5,0.21,0.0975,0.1071,0.0,0.0,0.9861,-0.031,-0.136,-1.19,0
270,2025-01-14 07:35:00,2025-01-14,07:35:00,0,Tuesday,1.0,39561.0,1.029025805629326,65.75,0.31,0.0558,0.2527,0.0,0.0,1.0099,-0.0006,0.1699,0.59,1
271,2025-01-15 07:35:00,2025-01-15,07:35:00,0,Wednesday,0.0,39754.0,1.025435992148143,62.0,0.29,0.0965,0.1376,0.0,0.0,1.0155,0.02,0.0093,1.57,1
272,2025-01-16 07:40:00,2025-01-16,07:40:00,1,Thursday,0.0,45670.0,1.148942379294383,92.25,0.43,0.014,0.1012,0.0,0.0,1.0091,0.0333,-0.1177,0.46,1
273,2025-01-17 07:35:00,2025-01-17,07:35:00,0,Friday,0.0,63235.0,1.5065350289942774,105.25,0.49,0.03,0.0358,0.0,0.0,1.0125,0.0072,-0.2419,1.88,1
274,2025-01-21 07:35:00,2025-01-21,07:35:00,1,Tuesday,0.0,36947.0,0.8793178129269024,33.75,0.16,0.0357,0.023,0.0,0.0,1.0065,0.016,-0.2173,0.51,1
275,2025-01-22 07:45:00,2025-01-22,07:45:00,1,Wednesday,1.0,53177.0,1.2546627815069544,79.5,0.36,0.0981,0.0536,0.0,0.0,1.0107,0.0185,0.1605,0.92,1
276,2025-01-23 07:35:00,2025-01-23,07:35:00,1,Thursday,1.0,35758.0,0.8515208450912174,33.5,0.15,0.008,0.1051,0.0,0.0,0.9953,0.0088,0.0735,-0.49,0
277,2025-01-24 07:35:00,2025-01-24,07:35:00,0,Friday,0.0,39935.0,0.9567377721557804,43.5,0.2,0.0386,0.0408,0.0,0.0,1.0042,-0.0006,-0.0118,0.01,1
278,2025-01-27 07:35:00,2025-01-27,07:35:00,0,Monday,1.0,80516.0,1.8143408097112166,162.5,0.77,0.1574,0.0734,0.0,0.0,0.9625,-0.0361,0.3394,-3.58,0
279,2025-01-28 07:35:00,2025-01-28,07:35:00,0,Tuesday,0.0,53719.0,1.1799799452393007,79.0,0.37,0.081,0.0868,1.0,0.0,0.9998,-0.0327,-0.1974,0.21,1
280,2025-01-29 07:35:00,2025-01-29,07:35:00,1,Wednesday,0.0,39739.0,0.8734287667288677,73.25,0.34,0.0301,0.022,1.0,0.0,1.0064,0.0194,-0.0612,0.11,1
281,2025-01-30 07:35:00,2025-01-30,07:35:00,0,Thursday,0.0,41336.0,0.9102159274575345,50.25,0.23,0.0866,0.0058,0.0,0.0,1.0063,0.001,0.0767,0.56,1
282,2025-01-31 07:35:00,2025-01-31,07:35:00,0,Friday,0.0,40149.0,0.8780209374391768,72.5,0.33,0.1171,0.039,0.0,0.0,1.0089,0.0163,0.0025,0.69,1
283,2025-02-03 07:35:00,2025-02-03,07:35:00,0,Monday,1.0,51512.0,1.1185421950456866,77.5,0.37,0.1367,0.1779,0.0,0.0,0.974,-0.0229,0.3115,-1.69,0
284,2025-02-04 07:35:00,2025-02-04,07:35:00,1,Tuesday,1.0,34219.0,0.7438848357840366,61.0,0.28,0.0654,0.0782,1.0,1.0,0.9999,-0.0062,0.2247,-1.02,0
285,2025-02-05 07:35:00,2025-02-05,07:35:00,0,Wednesday,1.0,36551.0,0.8078077845786972,43.75,0.2,0.0568,0.1195,1.0,1.0,0.9971,0.004,0.0782,-1.31,0
286,2025-02-06 07:40:00,2025-02-06,07:40:00,0,Thursday,1.0,31334.0,0.6982553643812661,43.0,0.2,0.0195,0.1102,1.0,1.0,1.0048,0.0056,0.1012,-0.95,0
287,2025-02-07 07:35:00,2025-02-07,07:35:00,0,Friday,1.0,42146.0,0.9365767371369587,83.25,0.38,0.0343,0.0731,1.0,1.0,1.0041,0.0116,0.0898,-0.8,0
288,2025-02-10 07:35:00,2025-02-10,07:35:00,1,Monday,1.0,27516.0,0.626349424947218,37.5,0.17,0.0701,0.0448,0.0,1.0,1.0031,-0.0005,0.0613,-0.25,0
289,2025-02-11 07:35:00,2025-02-11,07:35:00,1,Tuesday,1.0,36245.0,0.8341589769613783,79.25,0.37,0.0253,0.0253,0.0,0.0,0.9944,0.0105,0.1148,-1.64,0
290,2025-02-12 07:35:00,2025-02-12,07:35:00,1,Wednesday,1.0,40641.0,0.9341695600155845,59.25,0.27,0.0151,0.0684,0.0,0.0,0.9881,-0.0143,0.1391,-2.15,0
291,2025-02-13 07:35:00,2025-02-13,07:35:00,0,Thursday,1.0,46983.0,1.0710475443619718,87.25,0.4,0.0606,0.0297,1.0,1.0,1.0047,0.0056,-0.2036,-0.68,0
292,2025-02-14 07:35:00,2025-02-14,07:35:00,0,Friday,0.0,34005.0,0.7856406014811769,43.25,0.2,0.1131,0.0622,1.0,1.0,1.0056,0.0148,-0.0303,-0.92,0
293,2025-02-18 07:40:00,2025-02-18,07:40:00,1,Tuesday,0.0,42935.0,1.0157766545259255,45.0,0.2,0.0461,0.1202,0.0,1.0,1.0047,0.0086,-0.1036,-0.77,0
294,2025-02-19 07:35:00,2025-02-19,07:35:00,0,Wednesday,1.0,32164.0,0.7652811154203051,37.0,0.17,0.0101,0.1092,1.0,0.0,1.001,0.0009,-0.0463,-1.16,0
295,2025-02-20 07:40:00,2025-02-20,07:40:00,1,Thursday,0.0,33186.0,0.8088336548503575,55.5,0.25,0.0765,0.0101,1.0,1.0,0.9993,-0.0,-0.1082,-1.08,0
296,2025-02-21 07:35:00,2025-02-21,07:35:00,1,Friday,0.0,39697.0,0.9629024120466497,54.0,0.24,0.0068,0.0868,1.0,0.0,1.0039,-0.0056,-0.1466,-0.82,0
297,2025-02-24 07:35:00,2025-02-24,07:35:00,1,Monday,0.0,37909.0,0.9217971506452264,70.5,0.32,0.2252,0.0296,0.0,0.0,1.0034,-0.0067,-0.1664,0.32,1
298,2025-02-25 07:35:00,2025-02-25,07:35:00,0,Tuesday,1.0,46240.0,1.1732675653936815,61.75,0.29,0.0104,0.0659,0.0,0.0,0.992,-0.0062,0.0616,-0.14,0
299,2025-02-26 07:35:00,2025-02-26,07:35:00,1,Wednesday,1.0,47138.0,1.2061229842191787,50.0,0.23,0.0151,0.0699,1.0,1.0,1.0014,-0.0182,0.1816,0.24,1
300,2025-02-27 07:35:00,2025-02-27,07:35:00,0,Thursday,1.0,38457.0,0.9856182315153332,50.0,0.23,0.1124,0.0951,1.0,0.0,1.0044,0.0074,-0.1442,0.62,1
301,2025-02-28 07:35:00,2025-02-28,07:35:00,1,Friday,1.0,72037.0,1.7763579692847915,137.25,0.66,0.0264,0.0264,1.0,0.0,0.9804,-0.0344,0.2448,-0.11,0
302,2025-03-03 07:35:00,2025-03-03,07:35:00,1,Monday,0.0,48693.0,1.1882021649373846,98.75,0.46,0.1563,0.1551,0.0,0.0,1.0184,0.0185,-0.3281,0.8,1
303,2025-03-04 07:35:00,2025-03-04,07:35:00,0,Tuesday,1.0,60538.0,1.4611517268178715,107.0,0.52,0.107,0.2444,1.0,0.0,0.9793,-0.023,0.1193,-0.83,0
304,2025-03-05 07:35:00,2025-03-05,07:35:00,0,Wednesday,0.0,44420.0,1.0590879016731538,64.5,0.31,0.1224,0.1563,1.0,1.0,1.0017,-0.0026,-0.1091,-0.08,0
305,2025-03-06 07:35:00,2025-03-06,07:35:00,1,Thursday,1.0,56463.0,1.315008960729994,79.0,0.38,0.028,0.2071,1.0,0.0,0.991,-0.021,0.0758,-1.63,0
306,2025-03-07 07:35:00,2025-03-07,07:35:00,0,Friday,1.0,50715.0,1.1550707869467776,79.5,0.39,0.0086,0.0654,1.0,0.0,0.9887,-0.0335,0.0682,-0.48,0
307,2025-03-10 07:40:00,2025-03-10,07:40:00,0,Monday,1.0,57461.0,1.286282392945045,111.5,0.55,0.0821,0.1568,0.0,0.0,0.9906,-0.0171,0.18,-1.5,0
308,2025-03-11 07:35:00,2025-03-11,07:35:00,0,Tuesday,1.0,48653.0,1.0639419186949202,75.25,0.38,0.1949,0.1732,1.0,0.0,0.9898,-0.0452,0.4369,-0.19,0
309,2025-03-12 07:40:00,2025-03-12,07:40:00,0,Wednesday,1.0,50909.0,1.0957079087946762,103.5,0.52,0.1909,0.1294,0.0,0.0,1.0133,0.0223,-0.2114,1.39,1
310,2025-03-13 07:35:00,2025-03-13,07:35:00,1,Thursday,0.0,52320.0,1.1120995022972124,66.25,0.33,0.0164,0.2616,1.0,0.0,0.9983,-0.0009,-0.0462,-0.09,0
311,2025-03-14 07:35:00,2025-03-14,07:35:00,0,Friday,1.0,46808.0,0.9951230297592979,96.75,0.49,0.0419,0.0775,1.0,1.0,1.005,-0.0062,0.2597,0.86,1
312,2025-03-17 07:35:00,2025-03-17,07:35:00,0,Monday,1.0,21977.0,0.4732750452235335,77.0,0.39,0.0126,0.0954,0.0,1.0,1.0055,0.025,0.334,0.16,1
313,2025-03-18 07:35:00,2025-03-18,07:35:00,1,Tuesday,0.0,19099.0,0.42213145552358095,63.0,0.32,0.0075,0.0364,1.0,0.0,0.9959,-0.0041,-0.2767,-1.12,0
314,2025-03-19 07:35:00,2025-03-19,07:35:00,0,Wednesday,0.0,31031.0,0.6867156993463908,48.0,0.24,0.1352,0.019,1.0,0.0,1.0018,-0.0203,-0.0512,-0.18,0
315,2025-03-20 07:35:00,2025-03-20,07:35:00,1,Thursday,1.0,41294.0,0.9057102030028766,116.25,0.59,0.0366,0.1504,1.0,0.0,0.9958,0.0077,0.2393,-0.92,0
316,2025-03-21 07:35:00,2025-03-21,07:35:00,0,Friday,0.0,48827.0,1.0603166813067257,89.75,0.46,0.2747,0.1742,0.0,0.0,0.9862,-0.0246,-0.0827,-1.24,0
317,2025-03-24 07:35:00,2025-03-24,07:35:00,1,Monday,1.0,46162.0,0.9935409721041452,45.5,0.22,0.0889,0.0247,0.0,0.0,1.0222,0.0213,0.1427,1.53,1
318,2025-03-25 07:35:00,2025-03-25,07:35:00,0,Tuesday,0.0,32118.0,0.7019407290847102,35.0,0.17,0.0931,0.0735,1.0,0.0,1.0054,0.0311,-0.0123,0.19,1
319,2025-03-26 07:35:00,2025-03-26,07:35:00,0,Wednesday,1.0,35607.0,0.7881238040746402,48.0,0.23,0.1052,0.0771,1.0,1.0,1.0002,0.003,0.0827,-0.3,0
320,2025-03-27 07:35:00,2025-03-27,07:35:00,0,Thursday,0.0,51181.0,1.1171073639684257,93.0,0.46,0.2047,0.1024,0.0,0.0,0.9906,-0.024,-0.2342,-0.39,0
321,2025-03-28 08:10:00,2025-03-28,08:10:00,1,Friday,0.0,39933.0,0.9032479877495028,79.0,0.4,0.0377,0.1369,0.0,0.0,0.9918,-0.0108,-0.6792,-0.48,0
322,2025-03-31 07:40:00,2025-03-31,07:40:00,0,Monday,0.0,57592.0,1.2896984463245207,178.5,0.93,0.133,0.0991,0.0,0.0,0.9776,-0.0603,-0.3525,-1.46,0
323,2025-04-01 07:35:00,2025-04-01,07:35:00,0,Tuesday,0.0,51178.0,1.1582034697673997,85.5,0.44,0.2709,0.1096,1.0,1.0,1.0055,-0.0064,0.0384,-0.19,0
324,2025-04-02 07:35:00,2025-04-02,07:35:00,1,Wednesday,1.0,46986.0,1.0602562974295793,102.25,0.53,0.0039,0.0569,1.0,0.0,0.992,0.0,0.4109,-1.41,0
325,2025-04-03 07:35:00,2025-04-03,07:35:00,0,Thursday,1.0,54343.0,1.2292098792798867,146.0,0.77,0.0291,0.0687,0.0,0.0,0.9625,-0.0234,0.2537,-4.19,0
326,2025-04-04 07:35:00,2025-04-04,07:35:00,1,Friday,0.0,45857.0,1.0429915299726156,152.5,0.84,0.4682,0.3126,0.0,0.0,0.9584,-0.0867,-0.2543,-2.9,0
327,2025-04-07 07:35:00,2025-04-07,07:35:00,0,Monday,0.0,44782.0,1.0334422960871488,130.0,0.77,0.3146,0.3323,0.0,0.0,0.9448,-0.1186,-0.2393,-3.12,0
328,2025-04-08 07:35:00,2025-04-08,07:35:00,0,Tuesday,0.0,49203.0,1.134746375432855,91.75,0.51,0.1736,0.2135,1.0,0.0,1.0373,0.0284,-0.2305,2.71,1
329,2025-04-09 07:35:00,2025-04-09,07:35:00,1,Wednesday,1.0,41142.0,0.959647322261616,167.5,0.97,0.4998,0.0668,1.0,0.0,0.9698,-0.0118,0.7653,-0.24,0
330,2025-04-10 07:35:00,2025-04-10,07:35:00,1,Thursday,0.0,40217.0,0.9515021819700309,130.0,0.69,0.2674,0.2634,1.0,1.0,1.0457,0.0987,-0.0534,-2.46,0
331,2025-04-11 07:35:00,2025-04-11,07:35:00,0,Friday,1.0,38224.0,0.9136268408957003,126.25,0.69,0.2674,0.2634,1.0,0.0,0.9931,-0.0367,0.3751,-0.66,0
332,2025-04-14 07:35:00,2025-04-14,07:35:00,1,Monday,0.0,40870.0,0.9553016083754262,83.25,0.43,0.117,0.0663,0.0,0.0,1.0325,0.0416,-0.405,2.29,1
333,2025-04-15 07:35:00,2025-04-15,07:35:00,0,Tuesday,1.0,37117.0,0.8496859204453887,74.75,0.39,0.1501,0.1001,1.0,1.0,1.0011,0.0099,0.234,0.35,1
334,2025-04-16 07:35:00,2025-04-16,07:35:00,0,Wednesday,1.0,43561.0,0.9831030225887335,87.5,0.47,0.191,0.0659,0.0,0.0,0.9782,-0.0271,0.1621,-2.02,0
335,2025-04-17 07:35:00,2025-04-17,07:35:00,0,Thursday,0.0,45344.0,1.0186870116507385,99.25,0.54,0.0595,0.0108,1.0,1.0,0.9981,-0.0346,-0.1654,0.39,1
336,2025-04-21 07:35:00,2025-04-21,07:35:00,1,Monday,0.0,28730.0,0.660348194040777,41.75,0.23,0.0758,0.0262,0.0,1.0,0.9858,-0.002,-0.0954,-1.64,0
337,2025-04-22 07:35:00,2025-04-22,07:35:00,0,Tuesday,0.0,40145.0,0.9291426058579149,53.0,0.29,0.0399,0.0262,1.0,0.0,1.0139,-0.0168,0.1206,1.39,1
338,2025-04-23 07:35:00,2025-04-23,07:35:00,1,Wednesday,1.0,38730.0,0.8895861230996094,70.0,0.37,0.1003,0.062,0.0,0.0,1.0361,0.0746,0.0153,3.05,1
339,2025-04-24 07:35:00,2025-04-24,07:35:00,1,Thursday,1.0,36096.0,0.8286206528463748,47.75,0.25,0.0517,0.1536,1.0,1.0,1.0011,0.0323,0.1173,0.5,1
340,2025-04-25 07:35:00,2025-04-25,07:35:00,0,Friday,1.0,41645.0,0.9665833038372046,75.25,0.39,0.0259,0.2383,1.0,1.0,1.0076,0.0289,0.0898,-0.33,0
341,2025-04-28 07:35:00,2025-04-28,07:35:00,0,Monday,0.0,42682.0,0.9875017930600479,85.5,0.44,0.1343,0.0422,0.0,1.0,1.0072,0.0145,-0.1071,0.07,1
342,2025-04-29 07:35:00,2025-04-29,07:35:00,0,Tuesday,0.0,29354.0,0.7020758042874602,60.5,0.31,0.1223,0.0836,1.0,0.0,1.0002,-0.0029,-0.0627,-0.36,0
343,2025-04-30 07:35:00,2025-04-30,07:35:00,0,Wednesday,0.0,41793.0,1.0109322332161375,72.25,0.37,0.0155,0.329,0.0,0.0,0.9861,-0.01,-0.3766,-1.75,0
344,2025-05-01 07:35:00,2025-05-01,07:35:00,0,Thursday,0.0,37435.0,0.9160987189056248,77.5,0.39,0.0951,0.1252,0.0,0.0,1.0269,0.016,-0.153,1.41,1
345,2025-05-02 07:35:00,2025-05-02,07:35:00,0,Friday,0.0,30383.0,0.7659805120318665,51.75,0.26,0.168,0.0672,1.0,0.0,1.0073,0.0316,0.0219,1.59,1
346,2025-05-05 07:35:00,2025-05-05,07:35:00,0,Monday,1.0,31860.0,0.8176432319235019,42.0,0.21,0.02,0.085,0.0,0.0,0.9922,0.0014,-0.0141,-0.97,0
347,2025-05-06 07:35:00,2025-05-06,07:35:00,0,Tuesday,1.0,37931.0,0.982080671929493,64.5,0.33,0.0379,0.0834,0.0,0.0,0.984,-0.0198,0.1739,-1.16,0
348,2025-05-07 07:40:00,2025-05-07,07:40:00,0,Wednesday,1.0,34979.0,0.9226390658342103,54.75,0.28,0.1055,0.1495,1.0,0.0,0.9989,-0.0131,0.1382,0.14,1
349,2025-05-08 07:35:00,2025-05-08,07:35:00,1,Thursday,0.0,34746.0,0.9242899438977871,63.0,0.31,0.0595,0.0037,0.0,0.0,1.0146,0.0095,-0.119,1.01,1
350,2025-05-09 07:35:00,2025-05-09,07:35:00,0,Friday,1.0,26543.0,0.719158782282624,35.0,0.17,0.0062,0.0012,1.0,0.0,1.0022,0.0221,0.0176,0.27,1
351,2025-05-12 07:35:00,2025-05-12,07:35:00,0,Monday,0.0,52919.0,1.4058068997945177,120.25,0.57,0.0167,0.0203,0.0,0.0,1.0374,0.0292,-0.2335,3.84,1
352,2025-05-13 07:35:00,2025-05-13,07:35:00,1,Tuesday,1.0,40001.0,1.0638648712622707,66.25,0.32,0.0071,0.1476,0.0,0.0,1.0109,0.0465,0.1648,0.22,1
353,2025-05-14 07:35:00,2025-05-14,07:35:00,0,Wednesday,1.0,39848.0,1.0559607804167082,81.5,0.38,0.0012,0.0035,1.0,0.0,1.004,0.0258,0.0275,0.23,1
354,2025-05-15 07:35:00,2025-05-15,07:35:00,0,Thursday,1.0,28837.0,0.7793773251657767,57.25,0.27,0.0305,0.0974,1.0,0.0,0.9977,0.0,-0.092,-0.39,0
355,2025-05-16 07:35:00,2025-05-16,07:35:00,0,Friday,0.0,26033.0,0.72244654428395,52.25,0.24,0.0128,0.0431,1.0,0.0,1.0033,0.003,0.0048,0.18,1
356,2025-05-19 07:35:00,2025-05-19,07:35:00,1,Monday,1.0,31680.0,0.8755734895804543,62.25,0.29,0.0778,0.0035,0.0,0.0,0.9893,-0.0072,0.2526,-1.4,0
357,2025-05-20 07:35:00,2025-05-20,07:35:00,0,Tuesday,0.0,23636.0,0.6685041385542424,29.75,0.14,0.0701,0.0245,1.0,1.0,0.9979,-0.0039,0.0443,-0.38,0
358,2025-05-21 07:40:00,2025-05-21,07:40:00,1,Wednesday,1.0,31316.0,0.895104735200088,68.0,0.32,0.1187,0.0094,0.0,0.0,0.9934,-0.008,0.175,-0.68,0
359,2025-05-22 07:35:00,2025-05-22,07:35:00,0,Thursday,0.0,38609.0,1.099611238483118,100.0,0.47,0.2291,0.0201,1.0,1.0,0.9912,-0.012,0.0152,0.19,1
360,2025-05-23 07:35:00,2025-05-23,07:35:00,1,Friday,1.0,44251.0,1.255639609781566,102.25,0.49,0.0719,0.1343,0.0,0.0,0.9815,-0.0123,0.1121,-1.65,0
361,2025-05-27 07:35:00,2025-05-27,07:35:00,0,Tuesday,0.0,33791.0,0.9710824849664844,61.5,0.29,0.1176,0.0553,0.0,0.0,1.0113,-0.0047,-0.0566,1.51,1
362,2025-05-28 07:35:00,2025-05-28,07:35:00,0,Wednesday,1.0,25565.0,0.7387063032033241,36.25,0.17,0.0035,0.0674,0.0,0.0,1.0065,0.0243,0.1433,0.27,1
363,2025-05-29 07:35:00,2025-05-29,07:35:00,1,Thursday,0.0,36827.0,1.0718141998573902,102.0,0.47,0.0231,0.1465,0.0,0.0,1.0098,0.009,-0.2428,1.45,1
364,2025-05-30 07:35:00,2025-05-30,07:35:00,0,Friday,0.0,26562.0,0.785489644648885,62.75,0.29,0.0374,0.0655,1.0,0.0,0.9981,-0.0074,-0.1284,-0.05,0
365,2025-06-02 07:35:00,2025-06-02,07:35:00,0,Monday,1.0,34759.0,1.021282722166968,127.25,0.6,0.0399,0.0059,0.0,0.0,0.9995,0.0031,0.3329,-0.28,0
366,2025-06-03 07:35:00,2025-06-03,07:35:00,0,Tuesday,0.0,41353.0,1.1983146572083467,77.0,0.36,0.2297,0.0615,1.0,0.0,1.0054,0.0099,-0.0815,0.0,0
367,2025-06-04 07:35:00,2025-06-04,07:35:00,0,Wednesday,1.0,26964.0,0.793970722256003,41.0,0.19,0.0127,0.0426,1.0,0.0,1.0029,0.0122,0.1245,0.2,1
368,2025-06-05 07:35:00,2025-06-05,07:35:00,0,Thursday,0.0,38911.0,1.139162498481302,80.5,0.37,0.1272,0.1914,0.0,0.0,1.0027,0.0052,-0.2013,0.25,1
369,2025-06-06 07:35:00,2025-06-06,07:35:00,0,Friday,1.0,31908.0,0.9380388144868611,52.25,0.24,0.1044,0.0505,1.0,1.0,1.0017,-0.0007,0.1007,0.87,1
370,2025-06-09 07:35:00,2025-06-09,07:35:00,0,Monday,0.0,27110.0,0.7963224062977323,38.25,0.18,0.078,0.0126,0.0,1.0,1.0004,0.0083,-0.092,0.05,1
371,2025-06-10 07:35:00,2025-06-10,07:35:00,0,Tuesday,1.0,29715.0,0.9036364410439182,48.0,0.22,0.1351,0.0366,1.0,0.0,0.9998,-0.0001,0.1676,0.12,1
372,2025-06-11 07:35:00,2025-06-11,07:35:00,0,Wednesday,0.0,34690.0,1.0635150567550375,62.75,0.29,0.0352,0.0454,0.0,0.0,1.006,0.0057,0.0299,0.32,1
373,2025-06-12 07:35:00,2025-06-12,07:35:00,1,Thursday,1.0,30815.0,0.9579812600647878,57.5,0.26,0.1237,0.0607,1.0,0.0,0.9943,-0.0067,0.0926,-0.26,0
374,2025-06-13 07:35:00,2025-06-13,07:35:00,0,Friday,1.0,44032.0,1.3372876131122946,114.5,0.53,0.0646,0.0761,0.0,0.0,0.9892,-0.0051,0.2036,-1.15,0
375,2025-06-16 07:45:00,2025-06-16,07:45:00,1,Monday,1.0,14266.0,0.441152823303853,83.75,0.38,0.1262,0.0057,0.0,0.0,1.0015,-0.0045,0.1446,0.64,1
376,2025-06-17 07:40:00,2025-06-17,07:40:00,0,Tuesday,0.0,7190.0,0.23108939849261576,54.25,0.25,0.1202,0.0332,1.0,1.0,0.9968,0.009,-0.1737,-0.53,0
